x1,x2,y,y_true
0.6823518632481435,0.8801076839452461,1,1
0.053821018802222675,0.057047429456204335,0,0
0.22035987277261138,0.8012643142397435,1,1
0.1843718106986697,0.8695844935103954,1,1
0.17590590108503035,0.24491242649410572,0,0
0.8120945066557737,0.976953176313059,1,1
0.9233449980270564,0.37183109430206107,1,1
0.27657439779710624,0.15835589071805567,0,0
0.8197545615930021,0.4194901566123571,1,1
0.8898926931111859,0.9723256404630568,1,1
0.5129704552295319,0.11349122888159169,0,0
0.24496460106879647,0.6929722893947526,0,0
0.8242415960974113,0.1360920316685471,0,0
0.21376296337509548,0.6852971523467589,0,0
0.7414670522347097,0.15421993432296177,0,0
0.6299402045896808,0.9437498227638849,1,1
0.927407258525167,0.9137111507157033,1,1
0.23190818860641882,0.9844134064412808,1,1
0.7991251286200829,0.8784155540507977,1,1
0.5181650368527142,0.3859198899150751,0,0
0.23155562481706748,0.4658026713447361,0,0
0.16590399324074456,0.31389007195964524,0,0
0.49778896849779386,0.49216601011275407,0,0
0.5827246406153199,0.23790054741356614,0,0
0.18433798742847973,0.960058749699207,1,1
0.014894916760232246,0.41785370593599813,0,0
0.47113322889046083,0.33602102872318873,0,0
0.7282433281832617,0.9352751322549354,1,1
0.9186004917735433,0.3475308963278986,1,1
0.625534005735464,0.421498557346052,1,1
0.9171225725476023,0.6279284060140573,1,1
0.8646902510937748,0.7305565510100164,1,1
0.21814287324998793,0.4256678303024365,0,0
0.8661274307382429,0.2222578757821837,0,0
0.7307519363712538,0.6218941051703036,1,1
0.2778652902989278,0.17013559811480072,0,0
0.7970435531834645,0.618882848508257,1,1
0.8652217128437365,0.6425651719155465,1,1
0.29943789563745726,0.6388950262974785,0,0
0.527042084030297,0.35198256422360086,0,0
0.0714868066233969,0.3963208150963805,0,0
0.583238410151058,0.26501545428508577,0,0
0.23790639962961757,0.7893675132741896,1,1
0.7649636461036484,0.7162392010425251,1,1
0.17363163617540256,0.6914375700387616,0,0
0.3127422562507669,0.971314938875828,1,1
0.01447447679006697,0.8868182309268371,1,1
0.032551921606589374,0.4291605374533246,0,0
0.4967018417953405,0.7579048422543456,0,0
0.46831253442657617,0.6440502837108731,0,0
0.12769032289247773,0.5370303501248511,0,0
0.2575625049095238,0.14004024928768066,0,0
0.0031811092933116125,0.49364864120585583,0,0
0.3810677478158191,0.2169569625313953,0,0
0.5758730840369666,0.8084581696972498,0,0
0.42729877128295013,0.7392956630892809,0,0
0.8351023473085695,0.1790912955336621,0,0
0.6164912514101898,0.09032851981081891,0,0
0.2660839120112748,0.10858639090732602,0,0
0.8110221113180831,0.783586979321173,1,1
0.49948675030301726,0.9415160490722261,0,0
0.7588103210038678,0.28972694949538513,0,0
0.5660890863267188,0.10924498478974165,0,0
0.43744036155725907,0.7077200880480975,0,0
0.3961544444174234,0.5225966911134832,0,0
0.022235287919878832,0.6056704673066574,0,0
0.4693507881679626,0.5018214229649801,0,0
0.6235584021581057,0.8097408394574408,1,1
0.9461134210107419,0.5848969705486394,1,1
0.4353260801654868,0.8022128478225897,0,0
0.48564140307999715,0.6577594093792564,0,0
0.5191151439794955,0.6849531790587575,0,0
0.4085909799921159,0.7365806319823264,0,0
0.5787957188512473,0.5781875846975846,0,0
0.0703506732757253,0.35976100327238436,0,0
0.48838383120322393,0.39626317374971665,0,0
0.6101448283017323,0.0223260702649396,0,0
0.7438791073196565,0.03717820898346447,0,0
0.4298303204342466,0.4648206023417798,0,0
0.3028021327223843,0.8019732187510352,1,1
0.005890033317469734,0.7072264129568028,1,1
0.7564789701459572,0.384889505129582,1,1
0.07757597019857643,0.4795296749989324,0,0
0.48998803765891374,0.8381142149010226,0,0
0.30436109678245626,0.787692872843627,1,1
0.840822162176361,0.6102221848494652,1,1
0.9504758622500841,0.8490630750418044,1,1
0.3188745787343831,0.979207662731127,1,1
0.8977682889262575,0.6229663619543324,1,1
0.3375290506103422,0.9698816487012293,1,1
0.8121121105135765,0.07800905679960646,0,0
0.798843598059114,0.7758557756473874,1,1
0.655285177011079,0.09610480471616645,0,0
0.22870345477560539,0.22169131787930596,0,0
0.1376744647422684,0.33917008948179894,0,0
0.4243711389270113,0.11670078863497746,0,0
0.15153875301930686,0.7159628261720047,1,1
0.8732729487880516,0.34943544589153164,1,1
0.1791267574878015,0.16863312313360368,0,0
0.03029466161232719,0.21474258951004277,0,0
0.5592496771336655,0.024767290224716132,1,0
0.4288062533520195,0.9605352046705006,0,0
0.8585974215593541,0.951182092874845,1,1
0.1608313755289944,0.2544411477424151,0,0
0.3603536993918074,0.699273568296089,0,0
0.6405099368325804,0.04643135938411902,0,0
0.9310793496117601,0.34957146063052225,1,1
0.2618010220904331,0.6762662167990189,0,0
0.688098413581847,0.2276766959250206,0,0
0.14905265235536258,0.339148913948481,0,0
0.7401549734210763,0.13113639201285687,0,0
0.2931812830210596,0.15131664225727703,0,0
0.24374510457040732,0.006210177138976314,0,0
0.22982143784491704,0.33863089969825233,0,0
0.37065116516756513,0.4257390185911345,0,0
0.3285550874811475,0.4225997505657413,0,0
0.612641671818151,0.2849165024192606,0,0
0.544715400191636,0.5317315833407205,0,0
0.7496431048909087,0.025378181494573382,0,0
0.2949542854260402,0.40577443530258317,0,0
0.9605537283750304,0.6128984206267241,1,1
0.5434827586001058,0.7640757265066167,0,0
0.6794241484095175,0.9927272007553838,1,1
0.6882592484926856,0.4393749251538629,1,1
0.15229779274933497,0.9401886070610846,1,1
0.1450244515513366,0.9163719944000809,1,1
0.4620438220497799,0.13919084397740766,0,0
0.5219335334143763,0.5008433126549156,0,0
0.2720447531611885,0.22428069928752714,0,0
0.18012094694405645,0.7930775125903752,1,1
0.5039210871922305,0.7351680592926868,0,0
0.6596383484086951,0.9734565585029734,1,1
0.2287544534222673,0.05933422139883404,0,0
0.21841823086373402,0.4330347473600905,1,0
0.9548990589630153,0.3645317958437633,1,1
0.7248929341642392,0.6556781045509218,1,1
0.03433684825864802,0.5308211387936044,0,0
0.9816170341916325,0.5701881543925087,1,1
0.008496166291888652,0.1420424588762469,0,0
0.264961881651291,0.9411300377284276,0,1
0.9173241515346026,0.3249817319963796,1,1
0.08038771638980302,0.3932151050268473,0,0
0.8547157042203279,0.22859693882830934,0,0
0.14467739737136331,0.30336135304232137,0,0
0.1792410777291673,0.3787447980612083,0,0
0.7846734732992243,0.26060455652931513,0,0
0.8954240566120945,0.45349854508089804,1,1
0.4607343260722975,0.8330896395741935,0,0
0.038483682202220315,0.8436661332896415,1,1
0.315305260212538,0.6123172026063619,0,0
0.015293249692412747,0.5527094855553626,0,0
0.3491736851311015,0.6022826755291508,0,0
0.6593100188869683,0.5042387569339194,1,1
0.2652161321933526,0.07100205755391276,1,0
0.6520188384409447,0.1019959769755775,0,0
0.927480196623524,0.47866718699968724,1,1
0.4661387585844342,0.07384184142565942,0,0
0.207109560665533,0.12971709763549455,0,0
0.9227142446397777,0.6257722697540776,1,1
0.9458566109425985,0.9455839445262246,1,1
0.13490565391898546,0.03476297808609474,0,0
0.899638533768082,0.6023150439481678,1,1
0.29214916683841075,0.4524894756868604,0,0
0.12817544322024588,0.03950849899321007,0,0
0.11807669023324896,0.7803720450410794,1,1
0.7594500770851804,0.704680631191339,1,1
0.08844251441884021,0.9343381019132787,1,1
0.7631517436063376,0.663940453230384,1,1
0.23961855398618837,0.7155044353604245,1,1
0.41878378992292054,0.3601051967282657,0,0
0.14301770571006822,0.579098518904115,0,0
0.6526697971224407,0.6204731302196683,1,1
0.45778592685433384,0.11650553429959687,0,0
0.39383015133772536,0.19921612354735807,0,0
0.8046731375182149,0.23608605807620198,0,0
0.4590151104137825,0.6098802413920599,0,0
0.6915683373154117,0.5428846984794994,1,1
0.7819890770932393,0.32274585848708737,1,1
0.6148812582415617,0.7897894434480874,1,1
0.9613908947704324,0.6918138517926404,1,1
0.5508780474216609,0.1393154642683565,0,0
0.2190125272710094,0.7898023019274316,1,1
0.5418798429336826,0.30955322303588595,0,0
0.2445569808332082,0.4661201867271846,0,0
0.08332701721054103,0.1817487239876493,0,0
0.7563620917434525,0.4032802554443289,1,1
0.2644975485011142,0.22961535840785796,0,0
0.31364043704198863,0.7333690328495415,1,1
0.9883428581168391,0.5882464488003353,1,1
0.4005578315951853,0.8814472617431421,0,0
0.4413120958266811,0.15806019270469562,0,0
0.9205987299377911,0.5746914828331363,1,1
0.7900663782805138,0.47207522511484856,1,1
0.8594820876566842,0.4761603683794857,1,1
0.46835671393280287,0.7554458690808452,0,0
0.21250357372802697,0.41467928244109076,0,0
0.06563881650091807,0.6952712219390546,0,0
0.07981401907614538,0.27871149895136904,0,0
0.13698955302268856,0.12707595300696495,0,0
0.2693489241692695,0.7928578771551779,1,1
0.7773739503357915,0.5258564169349134,1,1
0.22952600879601082,0.24775619950111194,0,0
0.42179358147023716,0.4517942099264365,0,0
0.45813653497423934,0.6326464924410657,0,0
0.3096859921393007,0.24693535035619463,0,0
0.17701090267324482,0.18062569720250998,0,0
0.26803078737654296,0.9905707051900403,1,1
0.8523543812200487,0.1844357442253316,0,0
0.9940722747136872,0.33426511485999566,1,1
0.37067424536418403,0.3983463506052106,0,0
0.4617509087635645,0.8611596210247603,0,0
0.3349885536626943,0.2782337969516888,0,0
0.365438704999995,0.2216182138959195,0,0
0.6871734944748366,0.12668291270494014,0,0
0.7353263140408638,0.7605946868494802,0,1
0.31703758931027015,0.5651829513323412,0,0
0.14502008590556337,0.0942787882602607,0,0
0.7075260026204575,0.45494846595518446,1,1
0.4393909973658948,0.9884450478413549,0,0
0.9162952755756362,0.9230719336688262,1,1
0.4093341091239465,0.5623838592322361,0,0
0.027715006986816282,0.23518342021708738,0,0
0.7261386398251467,0.5889791069870153,1,1
0.9857818902804856,0.5127042973938164,1,1
0.466361826868266,0.9699801133441254,0,0
0.9526493888205666,0.015040459846388021,0,0
0.1625897083716603,0.3113464962631016,0,0
0.21285968804768796,0.40314807423594745,0,0
0.3415120417790759,0.7303094548780784,1,1
0.40594603604514023,0.7491925514029791,0,0
0.8994581883687817,0.7341955773355963,1,1
0.9725097699578843,0.568886818102264,1,1
0.5102122295752031,0.5516822845204965,0,0
0.6967442773545168,0.29025364954782873,0,0
0.6276189745918591,0.8688648389303515,1,1
0.86053275438247,0.42687645628907533,1,1
0.10778152827822474,0.3575369090839481,0,0
0.5616748288061666,0.7951253150854473,0,0
0.8083294068333273,0.724742587946297,1,1
0.7742271169746721,0.3185515344178419,1,1
0.7674619528407322,0.023687986437980202,0,0
0.9812000347782621,0.008383107184096183,0,0
0.028303815862615767,0.8508259091847421,1,1
0.10609773749426321,0.15104657971093083,0,0
0.15332923005332866,0.6024455888827217,0,0
0.5808818138248113,0.590731651934769,0,0
0.4308372828129181,0.2253536237287307,0,0
0.0641294099119154,0.44558499190993195,0,0
0.27918312310674454,0.41902303975879895,0,0
0.39076025434548123,0.5027079366640965,0,0
0.5058712192205799,0.8570221404469524,0,0
0.7557388921100048,0.9159716235725127,1,1
0.4890237028132606,0.08657004707491311,0,0
0.8257275903360136,0.4290826988255637,1,1
0.5404681404333453,0.29453693179370044,0,0
0.3571832017291673,0.7878490726932408,0,0
0.8059774808825552,0.3458478973685579,1,1
0.18637854668239007,0.48510559804511677,0,0
0.8892890317862305,0.706576725169341,1,1
0.6734137074911248,0.6352192712654757,1,1
0.9533772520242428,0.7434359397139042,1,1
0.20984299580513865,0.43092016754785456,0,0
0.23274570407113881,0.5413231703596999,0,0
0.45655877774004805,0.27214406999952034,0,0
0.14875581198638166,0.7770950839012926,1,1
0.039726614827229945,0.8662900488330995,1,1
0.3519081111417387,0.30212949112448095,0,0
0.7510734369691354,0.4977574802119501,1,1
0.888985033882593,0.10460544959958806,0,0
0.23333096941692721,0.11172673979903813,0,0
0.9443036912570076,0.14462874382897772,0,0
0.07923824523619538,0.6299053555058162,0,0
0.07829149437451088,0.7862640402802548,1,1
0.7053805876830577,0.12919047360360536,0,0
0.06780284545936743,0.9974358992292366,1,1
0.97064739394908,0.3538664675858223,1,1
0.2742098102770134,0.8933446442766584,1,1
0.1287238146425671,0.9996086239358561,1,1
0.7684544648647603,0.8410594346903096,1,1
0.42245086152709577,0.38035354758068907,0,0
0.9000753856410707,0.024163437154863687,0,0
0.4924585406024934,0.5079716685671707,0,0
0.007983628051630443,0.4879433263264732,0,0
0.1633431231982223,0.0035183411105553786,0,0
0.09938551658397532,0.8686523949270766,1,1
0.18134949354047325,0.14618407151515755,0,0
0.2705681695558776,0.6270053764005763,0,0
0.07537843382160803,0.2625148824482929,0,0
0.8789254011293394,0.41429258025980253,1,1
0.6732928058429036,0.46988714271843035,1,1
0.4439773314234915,0.5876636802023497,0,0
0.8987133153005883,0.5195193520123688,1,1
0.6116677463354853,0.36443927117430486,1,1
0.6817217814246878,0.04046232057703125,0,0
0.712645561692944,0.12660459168563265,0,0
0.43946398841090883,0.6239909753233204,0,0
0.2931642398516797,0.606017769929972,0,0
0.8867585788837333,0.6682722167033863,1,1
0.3690863473257484,0.08037702677821101,0,0
0.4367942151994606,0.24979668895851326,0,0
0.27627345151702676,0.23487036374406212,0,0
0.5536445948514624,0.8146311484466948,0,0
0.5381429651211307,0.759801547999314,0,0
0.4317337854400448,0.751641513908164,1,0
0.35327854669547065,0.9719028376782514,0,0
0.5417430778690593,0.915851293738422,0,0
0.3820579418598419,0.6440749186502901,0,0
0.7790989892058833,0.5088439456598535,1,1
0.15341221008930184,0.8176540382941764,1,1
0.7204617867892014,0.5496625950306532,1,1
0.20866801059040074,0.7676187457094761,1,1
0.9320248002175388,0.1801709761456618,0,0
0.38499171256599496,0.5130056461160466,0,0
0.3237801486725401,0.4836056040482136,0,0
0.9009763288814493,0.4846506327611424,1,1
0.047376092986677554,0.5195033000027809,0,0
0.9776349231993772,0.6139903189719276,1,1
0.9286869840739013,0.6054181277477203,1,1
0.6646286502478985,0.9525856357237025,1,1
0.5696008192631461,0.2195483805247611,0,0
0.5243528480687175,0.14391748118407743,0,0
0.08341643447803848,0.7294202342243166,1,1
0.09078213126212875,0.24348009892904743,1,0
0.690645119074367,0.2805028888151937,0,0
0.9579676773919394,0.179434111486927,0,0
0.5102492737149281,0.4775278098845357,0,0
0.001018448952592288,0.4094915100962354,0,0
0.8288419279559865,0.9751672079765892,1,1
0.8305270921698618,0.6751841931516789,1,1
0.33651189015453664,0.5848726187698668,0,0
0.6798186313833213,0.5773428065536872,1,1
0.1415836491612389,0.2850034052346061,0,0
0.16323797806488038,0.8871847192223195,1,1
0.7114325374368309,0.11635580104358578,0,0
0.5099272367155975,0.7355548244432073,0,0
0.5889256030155958,0.12401300361804313,0,0
0.5237058491879261,0.4983903196733852,0,0
0.9404676230463569,0.21639774380551524,0,0
0.7886921796431963,0.5538227868239448,0,1
0.8991233742848852,0.19626000467197113,0,0
0.29161358071680554,0.5028689327221288,1,0
0.9796106189973346,0.03110905634338401,0,0
0.8187777607233667,0.24676870455027566,0,0
0.0995662196191377,0.7353949087605642,1,1
0.08710693909735323,0.5196896211417915,0,0
0.191521037828563,0.49513527487830167,0,0
0.33637464021865227,0.6364885934906088,0,0
0.21943773521598675,0.5252548217940418,0,0
0.05184014532010617,0.263066968247338,0,0
0.445013129522686,0.8899712799867525,0,0
0.2625118600079751,0.3131617311781627,0,0
0.46266993532462164,0.018230823676491537,0,0
0.7834874750850793,0.18950251875783886,0,0
0.3217726720814701,0.40907120564938115,0,0
0.04030298846398894,0.009760640106015517,0,0
0.8345379732781285,0.5457043106860575,1,1
0.4903185066083805,0.9532761510227001,0,0
0.24414885847219925,0.5597045049805284,0,0
0.9282573140479662,0.2070671883739098,0,0
0.7351950525268409,0.06417593320392634,0,0
0.4217039642523941,0.5405707506271417,0,0
0.3471237346531858,0.6854486538784307,0,0
0.07105178877187901,0.6415592028401075,0,0
0.2856523041763941,0.5674843821338328,0,0
0.715829431073748,0.36790167501843973,1,1
0.07563487471892605,0.3883604059217176,0,0
0.37647794947190805,0.8623964521401508,0,0
0.5915715429880999,0.04833916071683342,0,0
0.7399565238522507,0.2988264997611496,0,0
0.7428225106274645,0.2872453657424813,0,0
0.29260787716664083,0.9813796498006113,1,1
0.3292423950753638,0.5017722646083043,0,0
0.15734840025888575,0.1812158932807506,0,0
0.7292878411686189,0.847957393667657,1,1
0.26546956331116933,0.3737465038138673,0,0
0.4804233411922939,0.385041208666965,0,0
0.8997258404288033,0.337156609436029,1,1
0.006428962427966867,0.1502555577114848,0,0
0.8566934606484041,0.4466270349623648,1,1
0.7398488388029072,0.5492118158712642,1,1
0.6451523812328146,0.4528366459078923,1,1
0.40707724222647423,0.3813129478583004,0,0
0.6240184281878183,0.22969432741943718,0,0
0.9485968867324944,0.8587027759875595,1,1
0.09528279320153743,0.8630318271083679,1,1
0.06777194497796213,0.5627180345494318,0,0
0.3404970353659298,0.7101656934162152,1,1
0.10305655653162893,0.9109798737683431,1,1
0.917756634185609,0.160458305752477,0,0
0.7873782141389531,0.12735209850742235,0,0
0.15841830669254398,0.19834159180230537,0,0
0.37362691494257405,0.591370725305481,0,0
0.41539129172490763,0.07334278749757395,0,0
0.9544229082290356,0.7338287159108007,1,1
0.32921975312279117,0.04990278720084096,0,0
0.48020852095008126,0.02565248136052456,0,0
0.5289621755732503,0.9662956971131573,0,0
0.7818032736154936,0.3532742482945792,1,1
0.8680446475444018,0.5593869546417383,1,1
0.6707745056407588,0.48291901697437,1,1
0.3633292183189243,0.6472040670411664,0,0
0.2290460030505268,0.9421715784313566,1,1
0.39807554513852694,0.5571089972041219,0,0
0.5758377311197559,0.32265779051945387,0,0
0.7669221121585733,0.04048443206055885,0,0
0.9594970137013482,0.6448607113030066,1,1
0.8734023591504038,0.4205186232203668,1,1
0.7877758406029501,0.9553701155931659,1,1
0.9006597574203058,0.5852037896279373,1,1
0.6960503345241251,0.6340375526595301,0,1
0.9454902281416743,0.6413874977217364,1,1
0.5135484707440701,0.5429941149851587,0,0
0.09107569340545674,0.38800315276892694,0,0
0.7295218935128372,0.46101466729238916,1,1
0.9484778746100923,0.6828689330681971,1,1
0.031040271198661817,0.23884130441390916,0,0
0.6220927951295409,0.18254035056976736,0,0
0.30476850708837433,0.8992605125405375,1,1
0.40418247096110616,0.6828117630512925,0,0
0.9180988257860895,0.871299481153065,1,1
0.3343895199942184,0.367317126400839,0,0
0.6258129670602035,0.5758669817231182,1,1
0.4233987487406442,0.6043025957202677,0,0
0.9268321294051507,0.8946191874099154,1,1
0.3686761596512682,0.8774322712110948,0,0
0.09937957518848883,0.26026994644096324,0,0
0.4189987280619154,0.9685623517038664,0,0
0.4051190623511127,0.37223107745922157,0,0
0.8853788220182806,0.6096695146842024,1,1
0.33141435375774453,0.9932316096166146,0,1
0.2940044438788434,0.407178708576617,0,0
0.4070314809551949,0.64187630558899,0,0
0.691009738359985,0.9883050054336712,1,1
0.4223132490134096,0.6292926606712307,0,0
0.5220530887626694,0.6576189071268113,0,0
0.7102176112624442,0.7881607045885605,1,1
0.026798036781844226,0.787910290959199,1,1
0.133159233521559,0.9480155242598125,1,1
0.7251154761353057,0.648913074088275,1,1
0.9071754697152594,0.2510635032308165,0,0
0.867027161533514,0.061180150070931916,0,0
0.7072027496078097,0.07971812188443383,0,0
0.98185465965433,0.962301017784889,1,1
0.852905505436942,0.8233068275251362,1,1
0.6937526639235005,0.5933765643242931,1,1
0.6401216961816405,0.8999714862983479,1,1
0.8531316264516609,0.870132480865728,1,1
0.8801561650068955,0.35957623442155295,1,1
0.27403798244452593,0.8094519705004617,0,1
0.854019135250721,0.19905324923663592,0,0
0.5882068026622195,0.9838380753394232,0,0
0.00018637977726865262,0.31611921959474787,0,0
0.19709941751743165,0.2795906355929443,0,0
0.7795981633842086,0.18231602993447105,0,0
0.34219049713676886,0.5553446399046493,0,0
0.8430609600748807,0.9013382254329616,1,1
0.6026725228970353,0.5542741136776197,1,1
0.9866549369453799,0.03898405044387976,0,0
0.7638542324884258,0.05333969170423947,0,0
0.09304442775181909,0.5182776686740855,0,0
0.8377878905341124,0.8899439179946834,1,1
0.66391215588076,0.5833478327403112,1,1
0.22012275483278165,0.7464268778696439,1,1
0.5168044128381893,0.8367354421971538,1,0
0.16035179004418298,0.13153180990130797,0,0
0.37304607653640265,0.42895384133469794,0,0
0.7447884790389477,0.003814652123225626,0,0
0.4533663968243672,0.41883467169863353,1,0
0.6614581176783114,0.8584560783662785,1,1
0.8993451438870558,0.7874681046119889,1,1
0.701525088920433,0.33449922268052656,1,1
0.09205669988298382,0.7128830365408712,1,1
0.4124734595298575,0.7125391238357408,0,0
0.3161328337183429,0.49142739131037527,0,0
0.478451996224438,0.10387039071599513,0,0
0.8968478394381787,0.9261748979009541,1,1
0.3429003146933627,0.5725804030211981,0,0
0.7414297840959234,0.17840973841659213,0,0
0.4682766630238485,0.673914908676416,0,0
0.8377186138144473,0.7710479118959231,1,1
0.2357003855317874,0.1114499908847717,0,0
0.5234556158436297,0.42498962758598047,0,0
0.6318117418696196,0.949653829822483,1,1
0.3766997260836483,0.5873847060833463,0,0
0.563502650675973,0.7848268586630953,0,0
0.2967386366539668,0.15145056318856398,0,0
0.9874257701149561,0.2670890984394453,0,0
0.6872606951516868,0.9631306961251427,1,1
0.6294600530131269,0.08078667288064834,0,0
0.9345475244174081,0.8941026771426798,1,1
0.44067299998700116,0.06355930482384053,0,0
0.9812693513952258,0.5944233347104138,1,1
0.09001396314899779,0.013798996970389998,0,0
0.9882115274240592,0.9023326773244243,1,1
0.7196920865964845,0.5347064797448212,1,1
0.5799398809832561,0.5373378992479149,0,0
0.3564865379519051,0.388505422811946,0,0
0.20308668778158356,0.6972791695714008,0,0
0.9825578749179765,0.6671399236666147,1,1
0.2352216728612212,0.6016791139218094,0,0
