x,y
2.7395604855596334,8.759031716772292
-0.6112156024794766,1.2215778483118656
3.585979199113824,7.572667145871637
1.9736802905936388,6.034532128965503
-4.058226521123505,-4.178988401938192
4.756223516367559,11.944767553065287
2.6113970199035297,7.774486179750579
2.8606430527695377,7.719964248857723
-3.7188636732445413,-2.3587653532961586
-0.49614062104432843,0.46779788990179094
-1.2920197576741876,-0.3361851207958665
4.267649888486018,8.828428869020703
1.4386512008066452,4.555897238215528
3.227616132708299,6.610261278047799
-0.5658580117266885,2.1731923268790343
-2.727612782152231,-2.3591644267575664
0.5458478701583482,1.9571350847665339
-4.3618274389582465,-5.93068572743656
3.27631171992582,8.38324377132409
1.3166439912206487,5.576421352969484
2.5808774008537387,8.884222473143142
-1.4547403187013161,2.9408039242150923
4.706980243949033,10.916275847989352
3.9312112132219763,8.193520942445494
2.783834970737619,5.100473169522643
-3.0536129214803243,-2.4234305041727153
-0.3327899627296578,1.1213159680492557
-4.561962342127712,-5.670693241796796
-3.4571050793245215,-3.9891754339114947
1.8304895324245463,5.4710413187053435
2.447621559078171,7.726936881220535
4.675097324342101,10.604714018826916
-1.7417464186184803,-0.6196037486901047
-1.2954029396513111,-0.7378387502330404
-0.30444188724192056,0.30776584698437826
-3.1052864091571433,-3.2652948046404746
-3.7007849466452836,-3.8451169601153024
-0.24295073774066278,3.854913659420756
-2.7309065094911587,-2.012266544662084
1.698139946825103,6.369577420625733
-0.6284808112766926,0.9322870222904704
3.3267819605783746,6.970585566566212
2.0026510200224914,4.939389971805864
-1.8763335861795891,-1.4149931610410547
3.3225980139520104,10.276886356153582
3.047643574968019,6.859607398221246
-1.1252162096982552,1.425621647249311
-2.116718960697559,-2.0013494112728765
1.8249550397497547,6.533996580448827
-3.602475163906902,-3.2392568125358703
-3.0009179752489166,-2.758198455581249
-4.926377302489945,-5.91560394036834
2.869243775021384,6.722926722106962
1.6485085659203218,5.748536763546627
2.0516537862633513,5.5328279563069165
2.8072903102196793,6.046787763606206
-0.41084224461660046,0.5236306098321599
0.6874119595289372,3.8411882489213127
-3.6020300187234255,-2.0443597754193883
-3.8546992646402654,-3.892997136315013
1.6840296179047165,5.244212024328135
-0.28903793856867477,2.294461644035796
0.6523610648118883,4.915015551887035
2.649988574160256,7.2243630774362915
1.347183200005908,4.379284209176307
0.535794006579958,4.517138521245817
0.5920716074541357,3.9352781711336444
-1.960499019373878,0.7029076590603993
-4.691821654320606,-5.292862375123123
-0.6328261076763759,0.1997265852296608
-2.854153271804708,-3.7202197613136683
-0.9147135627536382,2.5959148755500645
3.5340307326816607,10.23151796634212
-2.6606051413465925,-2.2025479535718073
-4.41697258310934,-5.392040712421865
-2.1861610797800344,0.24497045661614392
-2.064062422333164,-2.1159518000098663
1.6191651472689506,4.35785373140139
0.5703215234127832,4.112873384490776
2.8389820910641355,6.93166443194944
1.6431354032738756,5.288208318845517
-0.9361313855992943,0.7451337459566872
3.140203846660347,8.175921088121523
-3.330270800922961,-1.7539785002553165
-4.772879268661395,-5.523309849822625
-4.099521392243583,-3.825247573537233
2.2235935059645033,4.229936859108633
-0.3812276974861266,1.803194512343467
-3.387282209663982,-4.10161002672164
0.010447751033635377,1.2989481163335521
-3.476878972868316,-4.288846620804887
1.9632037507773603,5.503322935620701
-0.5384372442596934,2.5005592271145343
-1.1897877390351752,-0.8490318740993619
-1.984879108521235,-0.8436629918916817
1.3028259311888846,4.230634649687525
-1.3818738944660955,-0.1768587149543231
-4.12350080683899,-3.5071935463216795
-3.819940978794847,-3.455784226947314
4.618976645495145,11.68965840478449
4.085806907076071,9.291366062779419
1.9970713381074958,5.199078663112039
-2.3413003854048045,-1.7040694720686669
4.6917637734772395,10.718495206182528
2.7875090396579463,7.415338725872219
2.1689018915899556,5.1027451434695585
-0.5063849785621137,1.729635318072281
-2.27758438154841,-1.1436651184933915
-4.036090378465007,-1.8438796058565905
4.026023965438416,11.221085352526979
-0.4422371016638893,0.8949535766125681
-2.976366352047697,-2.8472061600302605
-1.9404337584934748,-2.26217939127591
0.7921956894189597,3.256025658048745
-3.2322721706076827,-2.6792576864427198
3.5661428409237548,9.768296450458617
2.585195298352101,6.165748169454963
2.1946295595093677,5.5767238110981285
-0.6790696022489628,-0.8017073535618917
1.2730884070244315,4.501584371396626
